{
  "free will": [
    0.681591094634812,
    0.6210881041225479
  ],
  "flee": [
    0.8086769667666105
  ],
  "sacred knowledge": [
    0.9196202452682303,
    0.518450597619607
  ],
  "imagine": [
    0.6333329556878835
  ],
  "ignore mathematics": [
    0.96952488989091,
    0.6048770151059326
  ],
  "explain": [
    0.18203741400575096
  ],
  "sunset image": [
    0.9862504609699034,
    0.5311931538610255
  ],
  "i feel anxious": [
    0.6221090913265631,
    0.7118012043524522,
    0.0896658734873819
  ],
  "hello": [
    0.9504661807338175
  ],
  "reason": [
    0.9854313687825454
  ],
  "what time is it": [
    0.2962847292026762,
    0.9930006389918524,
    0.7738499263164506,
    0.9835674339176576
  ],
  "pythagorean theorem": [
    0.142920191880352,
    0.9847871888198931
  ],
  "validate my feelings": [
    0.7417515314278724,
    0.6811582357779398,
    0.35006508896449984
  ],
  "hide and seek": [
    0.8278887751657542,
    0.28657804682023813,
    0.6813341806249008
  ],
  "what happened before": [
    0.2962847292026762,
    0.3201473436639626,
    0.10456089552790541
  ],
  "why does": [
    0.42653415935972083,
    0.20678737433141658
  ],
  "inquire": [
    0.2153538129155245
  ],
  "fight back": [
    0.3653188258601636,
    0.3291293826966599
  ],
  "alert": [
    0.46836633322117266
  ],
  "meaning of life": [
    0.8500420405293939,
    0.02814897713460073,
    0.6598521642357316
  ],
  "watch out": [
    0.8093117937885691,
    0.45374078257857725
  ],
  "comfort": [
    0.1819513083318562
  ],
  "integral": [
    0.02653403799371405
  ],
  "stop empathy": [
    0.6442490234660444,
    0.5088682677362539
  ],
  "greet": [
    0.15391826300675146
  ],
  "write a poem": [
    0.614952591661463,
    0.9770993935536403,
    0.31073377282652975
  ],
  "i feel sad": [
    0.6221090913265631,
    0.7118012043524522,
    0.061817323197105506
  ],
  "derivative": [
    0.2978027408109135
  ],
  "danger": [
    0.4782986480661268
  ],
  "obsolete test pattern": [
    0.0710665424052523,
    0.19412271949015644,
    0.6439628705374654
  ],
  "what is consciousness": [
    0.2962847292026762,
    0.7738499263164506,
    0.4428184289366991
  ],
  "tell me a story": [
    0.05287938128290659,
    0.8241196045800286,
    0.9770993935536403,
    0.5784931214321964
  ]
}
